//bar: index of bar,left_pos[note,octave],right_pos[note,octave],left_servos_HEX[1,2,3,4,5,6,7,8,9,10,11,12,13,14,15,16],right_servos_HEX[1,2,3,4,5,6,7,8,9,10,11,12,13,14,15,16]
//header: song,tempo,length in bars,time signature

Havasi - Freedom,105,9,4/4,
2,A,2,A,4,80,0,0,1,0,0,81,0,81,0,0,0,81,0,0,0,0,0,0,0,0,0,0,0,0,0,0,0,0,0,0,0,
3,A,2,A,4,81,0,0,81,0,0,81,0,0,81,0,0,81,0,0,0,A8,0,0,A8,0,0,A0,0,0,0,80,40,20,50,0,8,
4,A,2,A,4,81,0,0,81,0,0,81,0,0,81,0,0,81,0,0,0,A0,0,0,0,0,0,0,0,0,0,40,20,50,0,28,0,
5,A,2,A,4,81,0,0,81,0,0,81,0,0,81,0,0,81,0,0,0,A8,0,0,A0,0,0,0,0,0,0,80,40,A0,0,0,50,
6,A,2,A,4,81,0,0,81,0,0,81,0,0,81,0,0,81,0,0,0,A0,0,0,0,0,0,0,0,0,0,80,40,A0,0,90,0,
7,F,2,A,4,81,0,0,81,0,0,81,0,0,81,0,0,81,0,0,0,A8,0,0,A8,0,0,0,0,0,0,80,40,A0,0,0,50,
8,F,2,A,4,81,0,0,81,0,0,81,0,0,81,0,0,81,0,0,0,A0,0,0,0,0,0,0,0,0,0,80,40,A0,0,50,0,
9,F,2,A,4,81,0,0,81,0,0,81,0,0,81,0,0,81,0,0,0,A8,0,0,A0,0,0,0,0,0,0,80,40,A0,0,50,0,

Pir√°ti z Karibiku,150,9,6/8,
1,F,2,D,4,0,0,0,0,0,0,0,0,0,0,0,0,0,0,0,0,0,0,0,0,0,0,40,10,
2,F,2,D,4,4,0,0,4,0,0,10,0,0,10,0,0,48,0,48,0,8,4,2A,0,2A,0,2,1,
3,F,2,D,4,20,0,0,20,0,0,4,0,0,4,0,0,94,0,94,0,8,10,10,48,0,0,40,10,
4,F,2,D,4,10,0,0,10,0,0,81,0,0,81,0,0,28,0,28,0,8,4,52,0,52,0,2,1,
5,F,2,D,4,8,0,0,8,0,0,4,0,20,4,0,0,94,0,94,0,8,10,48,0,0,0,40,10,
6,F,2,D,4,4,0,0,4,0,0,10,0,0,10,0,0,48,0,48,0,8,2,29,0,29,0,1,0,
7,F,2,F,4,40,0,0,40,0,0,4,0,0,4,0,0,25,0,25,0,2,4,A,28,0,0,20,10,
8,F,2,F,4,10,0,0,10,0,0,4,0,0,4,0,0,A8,0,A8,0,4,0,A,28,0,0,20,8,
9,F,2,F,4,0,0,0,0,0,0,0,0,0,0,0,0,10,0,10,0,8,20,50,0,0,0,0,40,

Stupnica,100,8,4/4,
1,C,2,C,5,0,0,0,0,0,0,0,0,80,40,20,10,8,4,2,1,0,0,0,0,0,0,0,0,0,0,0,0,0,0,0,0,
2,C,3,C,5,0,0,0,0,0,0,0,0,80,40,20,10,8,4,2,1,0,0,0,0,0,0,0,0,0,0,0,0,0,0,0,0,
3,C,2,C,4,0,0,0,0,0,0,0,0,0,0,0,0,0,0,0,0,0,0,0,0,0,0,0,0,80,40,20,10,8,4,2,1,
4,C,2,C,5,0,0,0,0,0,0,0,0,0,0,0,0,0,0,0,0,0,0,0,0,0,0,0,0,80,40,20,10,8,4,2,1,
5,C,2,C,5,0,0,0,0,0,0,0,0,0,0,0,0,0,0,0,0,0,0,0,0,0,0,0,0,1,2,4,8,10,20,40,80,
6,C,2,C,4,0,0,0,0,0,0,0,0,0,0,0,0,0,0,0,0,0,0,0,0,0,0,0,0,1,2,4,8,10,20,40,80,
7,C,3,C,5,0,0,0,0,0,0,0,0,1,2,4,8,10,20,40,80,0,0,0,0,0,0,0,0,0,0,0,0,0,0,0,0,
8,C,2,C,5,0,0,0,0,0,0,0,0,1,2,4,8,10,20,40,80,0,0,0,0,0,0,0,0,0,0,0,0,0,0,0,0,